n,V,E,dijkstra_mean,dijkstra_stdev,safest_mean,safest_stdev,bfs_mean,bfs_stdev,dfs_cycles_mean,dfs_cycles_stdev,all_paths_mean,all_paths_stdev
10,10,16,2.4366666366404388e-05,1.4937313364647014e-05,1.9133332898491062e-05,6.2564631720769165e-06,1.2966666569506439e-05,5.424327966565102e-06,1.9033333046536427e-05,7.918543430365238e-06,2.030000026328101e-05,6.8985504978007526e-06
25,25,71,1.743333359627286e-05,5.006329485196919e-06,1.5133333363337442e-05,2.939954832941531e-06,7.566666378503821e-06,2.2744961928493184e-06,8.333333335031057e-05,7.743599414739439e-06,,
50,50,226,7.153333323609938e-05,6.779626430973032e-06,5.213333345939949e-05,4.245389926613343e-06,1.7266666570018668e-05,3.234707630852003e-06,0.002112900000308097,2.1990224576170273e-05,,
100,100,853,0.00022049999976540371,0.0001681151686229614,0.0003061333336518146,2.9554074676124885e-05,9.193333365449992e-05,1.8885002748538603e-05,0.06251593333308847,0.0006352650259333964,,
250,250,5234,0.0010884333335828462,5.06164337199683e-05,0.0007712999995419523,1.7140303356044588e-05,0.00015729999995528487,1.5823716789815143e-05,6.0779109666667255,0.032149922045598925,,
500,500,20407,0.004745933333348755,0.0007945527189257967,0.003400166666627532,0.0007309334736964518,0.0005616000001585538,0.00013874116218819167,263.8145853666665,35.24845041259746,,
